GreedyTime,GreedyLen,GeneticTime,GeneticLen,GeneticPlusTime,GeneticPlusLen
0.005001068,1217,61.07149291,1106,61.23950195,1091
0.00500083,1138,58.15632606,1107,58.33633685,1048
0.004999876,1352,58.32733583,1398,58.54634905,1016
0.006000042,1034,58.49534607,1277,58.74636006,993
0.005001068,1114,58.30433512,1160,58.49934602,1000
