Iteration,GreedyLen,GeneticLen,GeneticPlusLen,STDEV
1,1217,1106,1091,68.82586723
2,1138,1107,1048,45.72016331
3,1352,1398,1016,208.5409632
4,1034,1277,993,153.506786
5,1114,1160,1000,82.37313478
6,975,996,819,96.70056877
7,1127,1001,1045,63.94789546
8,1030,1068,1023,24.21432083
9,1094,1098,1053,24.90649179
10,1244,1069,1145,87.7515432
,,,,
Average,1132.5,1128,1023.3,85.64877345
